{
  "created_at_text": "2026-03-16 17:33:13",
  "accuracy": 0.7368421052631579,
  "train_windows": 74,
  "test_windows": 19,
  "num_features": 70,
  "classes": [
    "Left",
    "Rest",
    "Right",
    "fist_close"
  ],
  "class_window_counts": {
    "Left": 18,
    "Rest": 33,
    "Right": 22,
    "fist_close": 20
  },
  "segment_count_by_file": {
    "dataset/test1_20260316_173220/emg_data_test1_20260316_173220.csv": 18
  },
  "confusion_matrix": [
    [
      1,
      3,
      0,
      0
    ],
    [
      1,
      6,
      0,
      0
    ],
    [
      0,
      0,
      4,
      0
    ],
    [
      0,
      1,
      0,
      3
    ]
  ],
  "classification_report_text": "              precision     recall   f1-score    support\n\n        Left     0.5000     0.2500     0.3333          4\n        Rest     0.6000     0.8571     0.7059          7\n       Right     1.0000     1.0000     1.0000          4\n  fist_close     1.0000     0.7500     0.8571          4\n\n    accuracy                           0.7368         19\n   macro avg     0.7750     0.7143     0.7241         19\nweighted avg     0.7474     0.7368     0.7212         19",
  "classification_report_dict": {
    "Left": {
      "precision": 0.5,
      "recall": 0.25,
      "f1-score": 0.3333333333333333,
      "support": 4.0
    },
    "Rest": {
      "precision": 0.6,
      "recall": 0.8571428571428571,
      "f1-score": 0.7058823529411765,
      "support": 7.0
    },
    "Right": {
      "precision": 1.0,
      "recall": 1.0,
      "f1-score": 1.0,
      "support": 4.0
    },
    "fist_close": {
      "precision": 1.0,
      "recall": 0.75,
      "f1-score": 0.8571428571428571,
      "support": 4.0
    },
    "accuracy": 0.7368421052631579,
    "macro avg": {
      "precision": 0.775,
      "recall": 0.7142857142857143,
      "f1-score": 0.7240896358543417,
      "support": 19.0
    },
    "weighted avg": {
      "precision": 0.7473684210526316,
      "recall": 0.7368421052631579,
      "f1-score": 0.7212148017101577,
      "support": 19.0
    }
  },
  "model_file": "rf_realtime_model.joblib",
  "run_dir": "trained_model/rf_training_20260316_173313",
  "model_path": "trained_model/rf_training_20260316_173313/rf_realtime_model.joblib"
}