{
  "created_at_text": "2026-03-17 00:57:45",
  "accuracy": 0.7083333333333334,
  "train_windows": 95,
  "test_windows": 24,
  "num_features": 70,
  "classes": [
    "Left",
    "Rest",
    "Right",
    "fist_close",
    "p",
    "q",
    "w",
    "z"
  ],
  "class_window_counts": {
    "Left": 67,
    "Rest": 14,
    "Right": 7,
    "fist_close": 5,
    "p": 7,
    "q": 7,
    "w": 6,
    "z": 6
  },
  "segment_count_by_file": {
    "dataset/Demo1_20260317_005206/emg_data_Demo1_20260317_005206.csv": 42
  },
  "confusion_matrix": [
    [
      12,
      0,
      0,
      0,
      0,
      0,
      2,
      0
    ],
    [
      0,
      1,
      1,
      0,
      0,
      1,
      0,
      0
    ],
    [
      0,
      1,
      1,
      0,
      0,
      0,
      0,
      0
    ],
    [
      0,
      0,
      0,
      0,
      1,
      0,
      0,
      0
    ],
    [
      0,
      0,
      0,
      0,
      1,
      0,
      0,
      0
    ],
    [
      0,
      0,
      1,
      0,
      0,
      0,
      0,
      0
    ],
    [
      0,
      0,
      0,
      0,
      0,
      0,
      1,
      0
    ],
    [
      0,
      0,
      0,
      0,
      0,
      0,
      0,
      1
    ]
  ],
  "classification_report_text": "              precision     recall   f1-score    support\n\n        Left     1.0000     0.8571     0.9231         14\n        Rest     0.5000     0.3333     0.4000          3\n       Right     0.3333     0.5000     0.4000          2\n  fist_close     0.0000     0.0000     0.0000          1\n           p     0.5000     1.0000     0.6667          1\n           q     0.0000     0.0000     0.0000          1\n           w     0.3333     1.0000     0.5000          1\n           z     1.0000     1.0000     1.0000          1\n\n    accuracy                           0.7083         24\n   macro avg     0.4583     0.5863     0.4862         24\nweighted avg     0.7500     0.7083     0.7121         24",
  "classification_report_dict": {
    "Left": {
      "precision": 1.0,
      "recall": 0.8571428571428571,
      "f1-score": 0.9230769230769231,
      "support": 14.0
    },
    "Rest": {
      "precision": 0.5,
      "recall": 0.3333333333333333,
      "f1-score": 0.4,
      "support": 3.0
    },
    "Right": {
      "precision": 0.3333333333333333,
      "recall": 0.5,
      "f1-score": 0.4,
      "support": 2.0
    },
    "fist_close": {
      "precision": 0.0,
      "recall": 0.0,
      "f1-score": 0.0,
      "support": 1.0
    },
    "p": {
      "precision": 0.5,
      "recall": 1.0,
      "f1-score": 0.6666666666666666,
      "support": 1.0
    },
    "q": {
      "precision": 0.0,
      "recall": 0.0,
      "f1-score": 0.0,
      "support": 1.0
    },
    "w": {
      "precision": 0.3333333333333333,
      "recall": 1.0,
      "f1-score": 0.5,
      "support": 1.0
    },
    "z": {
      "precision": 1.0,
      "recall": 1.0,
      "f1-score": 1.0,
      "support": 1.0
    },
    "accuracy": 0.7083333333333334,
    "macro avg": {
      "precision": 0.4583333333333333,
      "recall": 0.5863095238095238,
      "f1-score": 0.4862179487179487,
      "support": 24.0
    },
    "weighted avg": {
      "precision": 0.75,
      "recall": 0.7083333333333334,
      "f1-score": 0.7120726495726496,
      "support": 24.0
    }
  },
  "model_file": "rf_realtime_model.joblib",
  "run_dir": "trained_model/rf_training_20260317_005745",
  "model_path": "trained_model/rf_training_20260317_005745/rf_realtime_model.joblib"
}